{
  "id": "",
  "name": "",
  "font_family": "iconfont",
  "css_prefix_text": "icon-",
  "description": "",
  "glyphs": [
    {
      "icon_id": "1306",
      "name": "购物车空",
      "font_class": "gouwuchekong",
      "unicode": "f0179",
      "unicode_decimal": 983417
    },
    {
      "icon_id": "339044",
      "name": "菜单",
      "font_class": "caidan",
      "unicode": "e62f",
      "unicode_decimal": 58927
    },
    {
      "icon_id": "720964",
      "name": "箭头",
      "font_class": "xiazai6",
      "unicode": "e606",
      "unicode_decimal": 58886
    },
    {
      "icon_id": "1288599",
      "name": "箭头",
      "font_class": "jiantou",
      "unicode": "e603",
      "unicode_decimal": 58883
    },
    {
      "icon_id": "1422716",
      "name": "上箭头",
      "font_class": "shangjiantou",
      "unicode": "e60d",
      "unicode_decimal": 58893
    },
    {
      "icon_id": "2520237",
      "name": "放大镜",
      "font_class": "fangdajing",
      "unicode": "e501",
      "unicode_decimal": 58625
    },
    {
      "icon_id": "6988499",
      "name": "check-box-outline-bl",
      "font_class": "check-box-outline-bl",
      "unicode": "ec58",
      "unicode_decimal": 60504
    },
    {
      "icon_id": "7592398",
      "name": "坐标",
      "font_class": "zuobiao",
      "unicode": "ed14",
      "unicode_decimal": 60692
    },
    {
      "icon_id": "8288885",
      "name": "信封",
      "font_class": "xinfeng",
      "unicode": "e857",
      "unicode_decimal": 59479
    },
    {
      "icon_id": "8555476",
      "name": "checkbox-line",
      "font_class": "checkbox-line",
      "unicode": "e740",
      "unicode_decimal": 59200
    },
    {
      "icon_id": "8740141",
      "name": "下箭头",
      "font_class": "arrow_down",
      "unicode": "e502",
      "unicode_decimal": 58626
    },
    {
      "icon_id": "10012107",
      "name": "放大镜",
      "font_class": "fangdajing1",
      "unicode": "e61c",
      "unicode_decimal": 58908
    },
    {
      "icon_id": "10715440",
      "name": "锁",
      "font_class": "suo",
      "unicode": "e636",
      "unicode_decimal": 58934
    },
    {
      "icon_id": "12576948",
      "name": "下箭头",
      "font_class": "down",
      "unicode": "e520",
      "unicode_decimal": 58656
    },
    {
      "icon_id": "12754195",
      "name": "右箭头",
      "font_class": "youjiantou_huaban",
      "unicode": "e63e",
      "unicode_decimal": 58942
    }
  ]
}
