{
  "id": "2187880",
  "name": "UnitedMall",
  "font_family": "iconfont",
  "css_prefix_text": "icon-",
  "description": "",
  "glyphs": [
    {
      "icon_id": "700853",
      "name": "头像",
      "font_class": "touxiang",
      "unicode": "e655",
      "unicode_decimal": 58965
    },
    {
      "icon_id": "736226",
      "name": "头像6",
      "font_class": "icon27",
      "unicode": "e631",
      "unicode_decimal": 58929
    },
    {
      "icon_id": "736231",
      "name": "头像1",
      "font_class": "icon32",
      "unicode": "e636",
      "unicode_decimal": 58934
    },
    {
      "icon_id": "1236803",
      "name": "头像",
      "font_class": "02",
      "unicode": "e606",
      "unicode_decimal": 58886
    },
    {
      "icon_id": "1343916",
      "name": "线描色彩－头像",
      "font_class": "icon-test7",
      "unicode": "e618",
      "unicode_decimal": 58904
    },
    {
      "icon_id": "1471900",
      "name": "头像",
      "font_class": "touxiang1",
      "unicode": "e607",
      "unicode_decimal": 58887
    },
    {
      "icon_id": "7494730",
      "name": "人物，男士，头像",
      "font_class": "huabanfuben",
      "unicode": "e6a0",
      "unicode_decimal": 59040
    },
    {
      "icon_id": "7494733",
      "name": "老人，爷爷，头像",
      "font_class": "huabanfuben1",
      "unicode": "e6a1",
      "unicode_decimal": 59041
    },
    {
      "icon_id": "8152893",
      "name": "头像",
      "font_class": "BARISTA",
      "unicode": "e645",
      "unicode_decimal": 58949
    },
    {
      "icon_id": "15394729",
      "name": "默认头像",
      "font_class": "morentouxiang",
      "unicode": "e60c",
      "unicode_decimal": 58892
    },
    {
      "icon_id": "1505688",
      "name": "星星",
      "font_class": "xingxing1",
      "unicode": "e60b",
      "unicode_decimal": 58891
    },
    {
      "icon_id": "77697",
      "name": "点赞",
      "font_class": "dianzan",
      "unicode": "e601",
      "unicode_decimal": 58881
    },
    {
      "icon_id": "1237168",
      "name": "星星",
      "font_class": "star",
      "unicode": "e60a",
      "unicode_decimal": 58890
    },
    {
      "icon_id": "1799455",
      "name": "星星",
      "font_class": "star1",
      "unicode": "e643",
      "unicode_decimal": 58947
    },
    {
      "icon_id": "1903700",
      "name": "头像 女孩",
      "font_class": "icon-test",
      "unicode": "e664",
      "unicode_decimal": 58980
    },
    {
      "icon_id": "1904003",
      "name": "头像 男孩",
      "font_class": "icon-test1",
      "unicode": "e665",
      "unicode_decimal": 58981
    },
    {
      "icon_id": "1904042",
      "name": "头像 男孩",
      "font_class": "icon-test2",
      "unicode": "e667",
      "unicode_decimal": 58983
    },
    {
      "icon_id": "1904067",
      "name": "头像 男孩",
      "font_class": "icon-test3",
      "unicode": "e668",
      "unicode_decimal": 58984
    },
    {
      "icon_id": "1905159",
      "name": "头像 女孩",
      "font_class": "icon-test4",
      "unicode": "e669",
      "unicode_decimal": 58985
    },
    {
      "icon_id": "1908406",
      "name": "头像 女孩",
      "font_class": "icon-test5",
      "unicode": "e66e",
      "unicode_decimal": 58990
    },
    {
      "icon_id": "1908471",
      "name": "头像 女孩",
      "font_class": "icon-test6",
      "unicode": "e66f",
      "unicode_decimal": 58991
    },
    {
      "icon_id": "2028395",
      "name": "星星",
      "font_class": "xingxing",
      "unicode": "e621",
      "unicode_decimal": 58913
    },
    {
      "icon_id": "2150876",
      "name": "评论",
      "font_class": "pinglun",
      "unicode": "e604",
      "unicode_decimal": 58884
    },
    {
      "icon_id": "4251748",
      "name": "评论",
      "font_class": "pinglun1",
      "unicode": "e648",
      "unicode_decimal": 58952
    },
    {
      "icon_id": "7116474",
      "name": "点赞",
      "font_class": "dianzan1",
      "unicode": "e605",
      "unicode_decimal": 58885
    },
    {
      "icon_id": "7532874",
      "name": "评论",
      "font_class": "pinglun2",
      "unicode": "e66a",
      "unicode_decimal": 58986
    },
    {
      "icon_id": "8706299",
      "name": "点赞",
      "font_class": "dianzan2",
      "unicode": "e647",
      "unicode_decimal": 58951
    },
    {
      "icon_id": "577315",
      "name": "减号",
      "font_class": "jianhao",
      "unicode": "e729",
      "unicode_decimal": 59177
    },
    {
      "icon_id": "632987",
      "name": "减号",
      "font_class": "jianhaocu",
      "unicode": "e615",
      "unicode_decimal": 58901
    },
    {
      "icon_id": "1166550",
      "name": "加号",
      "font_class": "jiahao",
      "unicode": "e635",
      "unicode_decimal": 58933
    },
    {
      "icon_id": "1288175",
      "name": "减号",
      "font_class": "subtract",
      "unicode": "e609",
      "unicode_decimal": 58889
    },
    {
      "icon_id": "4933144",
      "name": "加号",
      "font_class": "jiahao1",
      "unicode": "e6c3",
      "unicode_decimal": 59075
    },
    {
      "icon_id": "7434423",
      "name": "减号",
      "font_class": "jianhao1",
      "unicode": "e61c",
      "unicode_decimal": 58908
    },
    {
      "icon_id": "11521651",
      "name": "加号",
      "font_class": "jiahao2",
      "unicode": "e783",
      "unicode_decimal": 59267
    },
    {
      "icon_id": "5588404",
      "name": "收藏",
      "font_class": "shoucang2",
      "unicode": "e614",
      "unicode_decimal": 58900
    },
    {
      "icon_id": "7440455",
      "name": "收藏",
      "font_class": "shoucang3",
      "unicode": "e6a7",
      "unicode_decimal": 59047
    },
    {
      "icon_id": "12316676",
      "name": "收藏",
      "font_class": "shoucang4",
      "unicode": "e624",
      "unicode_decimal": 58916
    },
    {
      "icon_id": "1306",
      "name": "购物车空",
      "font_class": "gouwuchekong",
      "unicode": "e600",
      "unicode_decimal": 58880
    },
    {
      "icon_id": "609205",
      "name": "箭头",
      "font_class": "jiantouarrow505",
      "unicode": "e6c5",
      "unicode_decimal": 59077
    },
    {
      "icon_id": "624555",
      "name": "购物车添加",
      "font_class": "gouwuchetianjia",
      "unicode": "e640",
      "unicode_decimal": 58944
    },
    {
      "icon_id": "2279453",
      "name": "箭头",
      "font_class": "jiantou-copy",
      "unicode": "e632",
      "unicode_decimal": 58930
    },
    {
      "icon_id": "5270852",
      "name": "收 藏-产品详情",
      "font_class": "shoucang",
      "unicode": "e613",
      "unicode_decimal": 58899
    },
    {
      "icon_id": "9810495",
      "name": "收藏",
      "font_class": "shoucang1",
      "unicode": "e633",
      "unicode_decimal": 58931
    },
    {
      "icon_id": "11758238",
      "name": "上箭头",
      "font_class": "shangjiantou1",
      "unicode": "e758",
      "unicode_decimal": 59224
    },
    {
      "icon_id": "17810513",
      "name": "icon_向上箭头粗小",
      "font_class": "icon_xiangshangjiantoucuxiao",
      "unicode": "e638",
      "unicode_decimal": 58936
    },
    {
      "icon_id": "637798",
      "name": "微信",
      "font_class": "weixin",
      "unicode": "e62a",
      "unicode_decimal": 58922
    },
    {
      "icon_id": "781634",
      "name": "下箭头",
      "font_class": "sanjiaodown",
      "unicode": "e6b5",
      "unicode_decimal": 59061
    },
    {
      "icon_id": "826086",
      "name": "微信",
      "font_class": "weixin1",
      "unicode": "e707",
      "unicode_decimal": 59143
    },
    {
      "icon_id": "834840",
      "name": "微信",
      "font_class": "weixin2",
      "unicode": "e64c",
      "unicode_decimal": 58956
    },
    {
      "icon_id": "978354",
      "name": "微信",
      "font_class": "gongzhonghao",
      "unicode": "e63e",
      "unicode_decimal": 58942
    },
    {
      "icon_id": "1111317",
      "name": "QQ",
      "font_class": "qq",
      "unicode": "e602",
      "unicode_decimal": 58882
    },
    {
      "icon_id": "1114660",
      "name": "QQ图标",
      "font_class": "qqtubiao",
      "unicode": "e629",
      "unicode_decimal": 58921
    },
    {
      "icon_id": "1664368",
      "name": "下箭头",
      "font_class": "xiajiantou",
      "unicode": "e731",
      "unicode_decimal": 59185
    },
    {
      "icon_id": "6154432",
      "name": "微信",
      "font_class": "weixin3",
      "unicode": "e82c",
      "unicode_decimal": 59436
    },
    {
      "icon_id": "6756291",
      "name": "微博",
      "font_class": "weibo",
      "unicode": "e608",
      "unicode_decimal": 58888
    },
    {
      "icon_id": "6966945",
      "name": "下箭头实心小",
      "font_class": "xiajiantoushixinxiao",
      "unicode": "e634",
      "unicode_decimal": 58932
    },
    {
      "icon_id": "7239850",
      "name": "qq",
      "font_class": "qq1",
      "unicode": "e746",
      "unicode_decimal": 59206
    },
    {
      "icon_id": "7533290",
      "name": "微信",
      "font_class": "weixin4",
      "unicode": "e603",
      "unicode_decimal": 58883
    },
    {
      "icon_id": "9186712",
      "name": "微博",
      "font_class": "weibo1",
      "unicode": "e666",
      "unicode_decimal": 58982
    },
    {
      "icon_id": "12443502",
      "name": "qq",
      "font_class": "sign_qq",
      "unicode": "e637",
      "unicode_decimal": 58935
    }
  ]
}
